{
    "read_files": "( fastq/SRR1039509_1.fastq.gz, fastq/SRR1039509_2.fastq.gz )",
    "expected_format": "IU",
    "compatible_fragment_ratio": 0.9935364283602051,
    "num_compatible_fragments": 19463322,
    "num_assigned_fragments": 19589943,
    "num_consistent_mappings": 76767210,
    "num_inconsistent_mappings": 2653813,
    "strand_mapping_bias": 0.5009060378773698,
    "MSF": 0,
    "OSF": 29612,
    "ISF": 38314051,
    "MSR": 0,
    "OSR": 29863,
    "ISR": 38453159,
    "SF": 1082801,
    "SR": 1059781,
    "MU": 0,
    "OU": 0,
    "IU": 0,
    "U": 0
}
