{
    "read_files": "( fastq/SRR1039512_1.fastq.gz, fastq/SRR1039512_2.fastq.gz )",
    "expected_format": "IU",
    "compatible_fragment_ratio": 0.9970083983384731,
    "num_compatible_fragments": 26314595,
    "num_assigned_fragments": 26393554,
    "num_consistent_mappings": 102385132,
    "num_inconsistent_mappings": 3785086,
    "strand_mapping_bias": 0.49882304200184066,
    "MSF": 0,
    "OSF": 41810,
    "ISF": 51313069,
    "MSR": 0,
    "OSR": 41023,
    "ISR": 51072063,
    "SF": 1769476,
    "SR": 1698789,
    "MU": 0,
    "OU": 0,
    "IU": 0,
    "U": 0
}
