{
    "read_files": "( fastq/SRR1039516_1.fastq.gz, fastq/SRR1039516_2.fastq.gz )",
    "expected_format": "IU",
    "compatible_fragment_ratio": 0.9973575700211559,
    "num_compatible_fragments": 25407343,
    "num_assigned_fragments": 25474658,
    "num_consistent_mappings": 95117913,
    "num_inconsistent_mappings": 4500902,
    "strand_mapping_bias": 0.4989371770593831,
    "MSF": 0,
    "OSF": 53047,
    "ISF": 47660050,
    "MSR": 0,
    "OSR": 53190,
    "ISR": 47457863,
    "SF": 2162948,
    "SR": 2061599,
    "MU": 0,
    "OU": 0,
    "IU": 0,
    "U": 0
}
